Species,Class,Animal,State,Year Assessed
Partulina montagui ,Gastropoda,Snail,Hawaii,1996
Perdicella fulgurans,Gastropoda,Snail,Hawaii,1996
Perdicella zebrina,Gastropoda,Snail,Hawaii,1996
Cottus echinatus,Actinopterygii,Fish,Utah,2011
Physella microstriata,Gastropoda,Snail,Utah,2000
Neoplanorbis tantillus,Gastropoda,Snail,Alabama,2012
Hygrotus artus,Insecta,Beetle,California,1996
Hypena plagiota,Insecta,Moth,Hawaii,1996
Amphigyra alabamensis,Gastropoda,Snail,Alabama,2000
Leptoxis showalterii,Gastropoda,Snail,Alabama,2000
Leptoxis vittata,Gastropoda,Snail,Alabama,2000
Rhyncogonus bryani,Insecta,Beetle,Hawaii,2014
Carelia evelynae,Gastropoda,Snail,Hawaii,1996
Carelia glossema,Gastropoda,Snail,Hawaii,1996
Somatogyrus alcoviensis,Gastropoda,Snail,Georgia,2000
Elimia gibbera,Gastropoda,Snail,Alabama,2000
Elimia laeta,Gastropoda,Snail,Alabama,2000
Epioblasma turgidula,Bivalvia,Mussel,Tennessee,2000
Genophantis leahi,Insecta,Moth,Hawaii,1996
Achatinella caesia,Gastropoda,Snail,Hawaii,1996
Achatinella elegans,Gastropoda,Snail,Hawaii,1996
Achatinella spaldingi,Gastropoda,Snail,Hawaii,1996
Amastra forbesi ,Gastropoda,Snail,Hawaii,1996
Somatogyrus amnicoloides ,Gastropoda,Snail,Arkansas,2000
Somatogyrus wheeleri,Gastropoda,Snail,Arkansas,2000
Stonemyia velutina,Insecta,Horsefly,California,1996
Clappia cahabensis,Gastropoda,Snail,Alabama,2000
Neomonachus tropicalis,Mammalia,Seal,Florida/US Territories ,2014
Procambarus angustatus,Malacostraca,Crayfish,Georgia,2010
Notropis orca,Actinopterygii,Fish,Texas,2018
Moho bishopi ,Aves,Bird,Hawaii,2023
Rhodacanthis palmeri,Aves,Bird,Hawaii,2023
Rhodacanthis flaviceps,Aves,Bird,Hawaii,2023
Chloridops kona,Aves,Bird,Hawaii,2023
Dysmorodrepanis munroi,Aves,Bird,Hawaii,2023
Paroreomyza flammea,Aves,Bird,Hawaii,2023
Myadestes woahensis,Aves,Bird,Hawaii,2023
Plethodon ainsworthi,Amphibia,Salamander,Mississippi,2021
Hemignathus lucidus,Aves,Bird,Hawaii,2020
Melamprosops phaeosoma,Aves,Bird,Hawaii,2019
Hypena laysanensis,Insecta,Moth,Hawaii,1996
Lottia alveus ,Gastropoda,Snail,Maine,1996
Lyropupa perlonga,Gastropoda,Snail,Hawaii,1996
Etheostoma sellare,Actinopterygii,Fish,Maryland,2012
Cyprinodon arcuatus,Actinopterygii,Fish,Arizona,2011
Gambusia georgei,Actinopterygii,Fish,Texas,2012
Pleurobema verum,Bivalvia,Mussel,Alabama,2000
Perdicella maniensis,Gastropoda,Snail,Hawaii,1996
Salvelinus agassizii,Actinopterygii,Fish,Conneticut,1996
Somatogyrus crassilabris,Gastropoda,Snail,Arkansas,2011
Tritocleis microphylla,Insecta,Moth,Hawaii,1996
Carelia cumingiana,Gastropoda,Snail,Hawaii,1996
Carelia lymani,Gastropoda,Snail,Hawaii,1996
Carelia kalalauensis,Gastropoda,Snail,Hawaii,1996
Carelia paradoxa,Gastropoda,Snail,Hawaii,1996
Helicoverpa minuta,Insecta,Moth,Hawaii,1996
Achatinella dimorpha,Gastropoda,Snail,Hawaii,1996
Achatinella livida,Gastropoda,Snail,Hawaii,1996
Amastra pellucida,Gastropoda,Snail,Hawaii,1996
Marstonia olivacea,Gastropoda,Snail,Alabama,2011
Clavicoccus erinaceus,Insecta,Mealybug,Hawaii,1996
Collisella edmitchelli,Gastropoda,Snail,Califorina,1996
Conozoa hyalina,Insecta,Grasshopper,Califorina,1996
Elimia brevis,Gastropoda,Snail,Alabama,2000
Elimia vanuxemiana,Gastropoda,Snail,Alabama,2000
Elimia impressa,Gastropoda,Snail,Alabama,2000
Epioblasma arcaeformis,Bivalvia,Mussel,Kentucky,2000
Epioblasma lenior ,Bivalvia,Mussel,Tennessee,2000
Epioblasma propinqua,Bivalvia,Mussel,Illinois,2011
Gyrotoma pumila,Gastropoda,Snail,Alabama,2000
Trigonoscuta rossi,Insecta,Beetle,Califorina,2014
Neoplanorbis umbilicatus,Gastropoda,Snail,Alabama,2000
Newcombia philippiana,Gastropoda,Snail,Hawaii,1996
Hydrodamalis gigas,Mammalia,Sea Cow,Califorina,2016
Galba vancouverensis,Gastropoda,Snail,Washington,2015
Viridonia sagittirostris,Aves,Bird,Hawaii,2023
Akialoa obscura,Aves,Bird,Hawaii,2023
Psittirostra psittacea,Aves,Bird,Hawaii,2024
Argyresthia castaneella,Insecta,Moth,New Hampshire,1996
Zimmermannia phleophaga,Insecta,Moth,Virgina,1996
Loxops ochraceus,Aves,Bird,Hawaii,2024
Campsicnemus mirabilis,Insecta,Fly,Hawaii,2025
Loxops wolstenholmei,Aves,Bird,Hawaii,2023
Akialoa ellisiana,Aves,Bird,Hawaii,2023
Scotorythra nesiotes,Insecta,Moth,Hawaii,1996
Coptotriche perplexa,Insecta,Moth,Arizona,1996
Auriculella uniplicata,Gastropoda,Snail,Hawaii,1996
Carelia cochlea,Gastropoda,Snail,Hawaii,1996
Carelia hyattiana,Gastropoda,Snail,Hawaii,1996
Carelia periscelis,Gastropoda,Snail,Hawaii,1996
Carelia pilsbryi,Gastropoda,Snail,Hawaii,1996
Epioblasma biemarginata,Bivalvia,Mussel,Illinois,2000
Epioblasma flexuosa,Bivalvia,Mussel,Ohio,2000
Epioblasma sampsonii ,Bivalvia,Mussel,Indiana,2000
Epioblasma lewisii,Bivalvia,Mussel,Kentucky,2000
Epioblasma stewardsonii,Bivalvia,Mussel,Tennessee,2000
Helicoverpa confusa,Insecta,Moth,Hawaii,1996
Achatinella buddii,Gastropoda,Snail,Hawaii,1996
Alasmidonta wrightiana,Bivalvia,Mussel,Florida ,2000
Acanthametropus pecatonica,Insecta,Mayfly,Wisconsin,1996
Alloperla roberti,Insecta,Sallfly,Illinois,1996
Amastra crassilabrum,Gastropoda,Snail,Hawaii,1996
Amastra elongata,Gastropoda,Snail,Hawaii,1996
Stygobromus lucifugus,Malacostraca,Amphipod,Illinois,1996
Clappia umbilicata,Gastropoda,Snail,Alabama,2000
Pyrgulopsis nevadensis,Gastropoda,Snail,Nevada,2000
Elimia lachryma,Gastropoda,Snail,Alabama,2000
Elimia macglameriana,Gastropoda,Snail,Georgia,2000
Coregonus alpenae,Actinopterygii,Fish,Michigan,1996
Coregonus johannae ,Actinopterygii,Fish,Michigan,2016
Empetrichthys merriami,Actinopterygii,Fish,Nevada,2011
Lithobates fisheri,Amphibia,Frog,Nevada,2021
Pogonichthys ciscoides,Actinopterygii,Fish,California,2012
Moxostoma lacerum,Actinopterygii,Fish,Ohio,2012
Pleurobema perovatum,Bivalvia,Mussel,Mississippi,2012
Stagnicola pilsbryi,Gastropoda,Snail,Utah,2012
Chasmistes muriei,Actinopterygii,Fish,Wyoming,2011
Elimia fusiformis,Gastropoda,Snail,Alabama,2012
Elimia jonesi,Gastropoda,Snail,Alabama,2012
Amastra umbilicata,Gastropoda,Snail,Hawaii,1996
Hypena senicula,Insecta,Moth,Hawaii,1996
Hypena newelli,Insecta,Moth,Hawaii,1996
Leptoxis compacta,Gastropoda,Snail,Alabama,2000
Leptoxis torrefacta,Gastropoda,Snail,Alabama,2000
Levuana irridescens,Insecta,Moth,Hawaii,1996
Medionidus mcglameriae,Bivalvia,Mussel,Mississippi,2000
Perdicella zebra,Gastropoda,Snail,Hawaii,1996
Pleurobema altum,Bivalvia,Mussel,Georgia,2000
Pleurobema bournianum,Bivalvia,Mussel,Ohio,2000
Pleurobema flavidulum,Bivalvia,Mussel,Indiana,2000
Pleurobema johannis,Bivalvia,Mussel,Alabama,2000
Pleurobema nucleopsis,Bivalvia,Mussel,Kentucky,2000
Fundulus albolineatus,Actinopterygii,Fish,Alabama,2012
Gila crassicauda,Actinopterygii,Fish,California,2012
Pinguinus impennis,Aves,Bird,Massachusetts,2021
Hemignathus affinis,Aves,Bird,Hawaii,2024
Conuropsis carolinensis,Aves,Bird,Colorado,2021
Moho nobilis,Aves,Bird,Hawaii,2023
Akialoa lanaiensis,Aves,Bird,Hawaii,2023
Elimia pilsbryi,Gastropoda,Snail,Alabama,2012
Leptoxis lirata,Gastropoda,Snail,Alabama,2000
Lampsilis binominata,Bivalvia,Mussel,Georgia,2000
Athearnia crassa,Gastropoda,Snail,Virginia,1996
Leptoxis foremanii,Gastropoda,Snail,Georgia,2000
Leptoxis formosa,Gastropoda,Snail,Alabama,2000
Leptoxis occultata,Gastropoda,Snail,Alabama,2000
Neoplanorbis smithi,Gastropoda,Snail,Alabama,2000
Pleurobema avellanum,Bivalvia,Mussel,Pennsylvania,2000
Phyllococcus oahuensis,Insecta,Mealybug,Hawaii,1996
Achatinella casta,Gastropoda,Snail,Hawaii,1996
Achatinella juddii,Gastropoda,Snail,Hawaii,1996
Achatinella juncea,Gastropoda,Snail,Hawaii,1996
Achatinella thaanumi,Gastropoda,Snail,Hawaii,1996
Achatinella valida,Gastropoda,Snail,Hawaii,1996
Alasmidonta robusta,Bivalvia,Mussel,South Carolina,2000
Alasmidonta mccordi,Bivalvia,Mussel,Alabama,2011
Amastra subrostrata,Gastropoda,Snail,Hawaii,1996
Amastra tenuispira,Gastropoda,Snail,Hawaii,1996
Neogale macrodon,Mammalia,Mink,Maine,2015
Trigonoscuta yorbalindae,Insecta,Beetle,California,2014
Scotorythra megalophylla,Insecta,Moth,Hawaii,1996
Auriculella expansa,Gastropoda,Snail,Hawaii,1996
Carelia bicolor ,Gastropoda,Snail,Hawaii,1996
Carelia necra,Gastropoda,Snail,Hawaii,1996
Carelia olivacea,Gastropoda,Snail,Hawaii,1996
Carelia lirata,Gastropoda,Snail,Hawaii,1996
Carelia mirabilis,Gastropoda,Snail,Hawaii,1996
Carelia sinclairi,Gastropoda,Snail,Hawaii,1996
Carelia tenebrosa,Gastropoda,Snail,Hawaii,1996
Elimia hartmaniana,Gastropoda,Snail,Alabama,2000
Epioblasma haysiana,Bivalvia,Mussel,Virginia,2000
Gyrotoma excisa,Gastropoda,Snail,Alabama,2000
Gyrotoma walkeri,Gastropoda,Snail,Alabama,2000
Ectopistes migratorius,Aves,Bird,Michigan,2019
Ectoedemia castaneae,Insecta,Moth,Kentucky,1996
Triaenodes tridontus,Insecta,Caddisfly,Oklahoma,1996
Zapornia sandwichensis,Aves,Bird,Hawaii,2023
Camptorhynchus labradorius,Aves,Bird,New Jersey,2022
Himatione fraithii,Aves,Bird,Hawaii,2023
Drepanis pacifica,Aves,Bird,Hawaii,2023
Drepanis funerea,Aves,Bird,Hawaii,2023
Akialoa stejnegeri,Aves,Bird,Hawaii,2023
Myadestes myadestinus,Aves,Bird,Hawaii,2023
Neduba extincta,Insecta,Katydid,California,1996
Neoplanorbis carinatus,Gastropoda,Snail,Alabama,2000
Planorbella multivolvis,Gastropoda,Snail,Michigan,2000
Pleurobema hagleri,Bivalvia,Mussel,Georgia,2000
Pleurobema murrayense,Bivalvia,Mussel,Mississippi,2000
Pleurobema troschelianum,Bivalvia,Mussel,Tennessee,2000
Gambusia amistadensis,Actinopterygii,Fish,Texas,2012
Rhyacophila amabilis,Insecta,Caddisfly,California,1996
Triaenodes phalacris,Insecta,Caddisfly,Ohio,1996
Carelia dolei,Gastropoda,Snail,Hawaii,1996
Carelia anceophila,Gastropoda,Snail,Hawaii,1996
Carelia knudseni ,Gastropoda,Snail,Hawaii,1996
Carelia turricula,Gastropoda,Snail,Hawaii,1996
Pentagenia robusta,Insecta,Mayfly,Minnesota,1996
Coleophora leucochrysella,Insecta,Moth,Indiana,1996
Drosophila lanaiensis,Insecta,Fly,Hawaii,1996
Elimia pygmaea,Gastropoda,Snail,Alabama,2000
Elimia pupaeformis,Gastropoda,Snail,Alabama,2000
Epioblasma personata,Bivalvia,Mussel,Ohio,2011
Gyrotoma pagoda,Gastropoda,Snail,Alabama,2000
Gyrotoma lewisii,Gastropoda,Snail,Alabama,2000
Gyrotoma pyramidata,Gastropoda,Snail,Alabama,2000
Achatinella abbreviata,Gastropoda,Snail,Hawaii,1996
Achatinella decora,Gastropoda,Snail,Hawaii,1996
Achatinella lehuiensis,Gastropoda,Snail,Hawaii,1996
Achatinella papyracea,Gastropoda,Snail,Hawaii,1996
Amastra albolabris,Gastropoda,Snail,Hawaii,1996
Amastra cornea,Gastropoda,Snail,Hawaii,1996
Amastra porcus,Gastropoda,Snail,Hawaii,1996
Amastra reticulata,Gastropoda,Snail,Hawaii,1996
Amastra subsoror,Gastropoda,Snail,Hawaii,1996
Noturus trautmani,Actinopterygii,Fish,Ohio,2012
Rhinichthys deaconi,Actinopterygii,Fish,Nevada,2012
Dryophthorus distinguendus,Insecta,Beetle,Hawaii,2014
Oodemas laysanensis ,Insecta,Beetle,Hawaii,2014
Partulina crassa,Gastropoda,Snail,Hawaii,1996
Syncaris pasadenae ,Malacostraca,Shrimp,California,2012
Elimia clausa,Gastropoda,Snail,Alabama,2012
Leptoxis clipeata,Gastropoda,Snail,Alabama,2000
Leptoxis ligata,Gastropoda,Snail,Alabama,2000
Melanoplus spretus,Insecta,Locust,Montana,2014
Lepidomeda altivelis,Actinopterygii,Fish,Nevada,2012
Zapornia palmeri,Aves,Bird,Hawaii,2023
Moho apicalis,Aves,Bird,Hawaii,2023
Chaetoptila angustipluma,Aves,Bird,Hawaii,2023
Moho braccatus,Aves,Bird,Hawaii,2023
Ciridops anna,Aves,Bird,Hawaii,2024
Hemignathus hanapepe,Aves,Bird,Hawaii,2024
